Start,End,Sequence,Length,Color
3[58],15[50],GAAAGGGCTTTGAGGACTAGGGATCGTAAATATCC,35,#f7931e
15[32],17[17],CAATTTAATTCGAGCTTCAAAGCG,24,#f74308
11[47],7[39],TCATAAAACACCTTATGAAACACCAGAACGTCTTG,35,#888888
10[137],9[137],TTGGGTAACGCCGAATTCGTAATC,24,#007200
21[18],23[17],CGAGCTGAAAGTACCAAAAACATT,24,#007200
22[29],3[39],TTAGGTGGCATCAATTCTGTTTAGGAATACTCGTTTACTACG,42,#888888
15[47],11[46],TATCATTGACCAGAGGATAACCCCACAT,28,#03b6a2
19[18],21[17],CAACTAAAGTTTTCATTTGGGGCG,24,#1700de
5[40],18[30],CTACAACGGAGATTTGAATGCCACCAGACGCAAAAGAGCTCA,42,#888888
8[137],6[115],ATGGTCATAGCTGTTTCCTCTAATGAACTGCCCGCTT,37,#7300de
18[141],17[141],GATTGTATACAAAAATAA,18,#888888
23[103],4[95],ATATTCAACCTCTAGATTGTAAAGGCCAACATTGCCCTTC,40,#03b6a2
3[18],5[17],TAAAATACGTTATCATCGCCTGAT,24,#7300de
18[29],15[46],ACGAAGCAAACTCCAAATCGCGTAAATCAGGTCTT,35,#aaaa00
17[103],13[109],AGATTAAATGGGAACAAACGGCGGTGCATCGCCAG,35,#f7931e
22[71],11[88],CAATAAATCATACAGGTTTAGTTGACGGGCCTCTT,35,#007200
6[114],20[115],TCCGAGAGGCTCCCAGTGGGGGATACAA,28,#1700de
5[81],13[72],ATCCATCTTTGACCCCCAGAATACTACGAGGACT,34,#888888
21[110],23[123],TAATATGATGCCTGAGTAATGTGTAGGT,28,#b8056c
14[137],13[137],TTGGTGTAGATGCTGGTGCCGGAA,24,#aaaa00
7[40],20[30],ACTGTACAGACCAGGCGAAATCCCGGAACAAGATTTAGCTAT,42,#f7931e
12[22],9[22],AATCAGTTGACATTATCA,18,#f74308
3[65],7[64],GCAAAAGCGATTACGAGGCCCAACTTCA,28,#7300de
17[18],19[17],AACCAGACCGATGTTTTAAATATG,24,#1700de
2[92],13[95],AATAGCCACCACCCTGAGAGAGTTTGGGAAAAGAT,35,#f7931e
15[51],19[43],CTGACGAAAGACTTCAAATCAGGTCAAATATAATT,35,#f74308
21[103],2[102],GGGAACGGTGCCAGCTGCAACTGTGCAGCAATA,33,#cc0000
4[141],3[141],TGGTTTTTCGCGAAAATC,18,#333333
5[108],7[114],CGGGAGTCGGGAAAGCCTGGG,21,#007200
21[61],3[57],TAATTTCGCGCAGATAAGAGCAAAC,25,#03b6a2
6[141],5[141],TAATTGCGTGCGCCAGGG,18,#333333
17[110],21[109],TTCGTTAATCCCCGGTAATCGATGTAGC,28,#57bb00
21[124],12[123],CTGGAGCAAGTGCTGCGCC,19,#aaaa00
7[44],9[50],GAACCGGATATTCTGACGAGC,21,#cc0000
3[40],15[31],AATTTCATGAGGAAGTGGAGTTATCAAATGAAAT,34,#f7931e
3[129],7[141],GCAGTTTTCACGTATTGGTGCGCTCGTGAGCTAACTCACAT,41,#888888
7[58],11[50],TTACCTGAAAGAGGACAGAGTTACTTTACGTTAAA,35,#cc0000
18[114],15[137],AAATTTAACCAATAGGACTGTAGCCGTAATGGGATAGGTCACG,43,#888888
11[14],13[13],AGATTCAAAACCAAAATA,18,#aaaa00
5[59],13[50],CGGAATACCAAGCGCGAAACCTAAACACTATCGG,34,#1700de
20[114],14[123],GAGTGATAATCAGAAAAATTTAAAACCGCTTGGC,34,#03b6a2
9[14],11[13],TTAATTTTACAGGTAGAA,18,#f74308
20[29],1[39],ATACGGTGTCTGGAAGTGCTGTAAGTTTTGATCCCCCAAGGC,42,#f74308
17[61],13[67],ACGAAGCCCTATTATAGTCAGAACTGCGGATGTTT,35,#aaaa00
4[94],20[94],ACCGCCTGGCTATCATTAATGAATCACGACGGCTATTACAATC,43,#1700de
3[82],15[88],AAGAGGGTAGCAACGGGAAAGACTCCAATAGCAAAGCGGATTCCGTCGG,49,#888888
15[89],1[81],ATGACGACGACAGTCGAGCAT,21,#03b6a2
15[14],12[23],ACGAGAATGACCATCTTTAAAGCTTTTGACGAT,33,#aaaa00
5[18],7[17],AAATTGTGTCGCATAGGCTGGCTG,24,#f7931e
2[141],1[141],CTGTTTGATTAAAGAACG,18,#888888
3[44],7[43],CACCAACAAAGTGCTCCATTGAACGGAA,28,#7300de
7[65],11[72],AATCAACGTAACAAAGCTAGGGAACCGAACTGAGCAGACGAGGACGTCCA,50,#aaaa00
21[92],21[102],AATGCCGGAGA,11,#888888
19[44],23[43],TCATTCAATAACCTACTAAGAGCATAAG,28,#888888
9[23],9[13],ACTTTAATTGGGCTTGAGATGGT,23,#1700de
7[18],22[30],ACCTTCATCAAGAGTAAAGTAGTAAATCATTATCGG,36,#007200
19[103],1[102],TAATTTTGTCACTCCATGCCAGTGAGTG,28,#7300de
12[137],11[137],ACCAGGCAAAGCAAGGCGATTAAG,24,#f7931e
16[73],19[64],AAGATTAAGAGCTTTAATTGGCTTAAT,27,#03b6a2
13[89],3[81],GGGGGCGATCGGTGATACTAA,21,#f74308
7[90],22[93],GGAAGCATACAATTCAGGTCGACGTTC,27,#7300de
19[61],1[60],TGGAGCTTAAGTAAAAATCGTCATCACC,28,#aaaa00
11[89],5[80],CGCCAGTGCCAAGCTCGTCA,20,#f7931e
1[82],3[64],CGTTGATACCGATAGTTGCGCCGCAGCAGCCTACAGAAG,39,#888888
13[51],17[60],GTAATATTGCTGGGATTAGAGAGT,24,#888888
9[89],22[72],GCCACACAACATGCTCATTCAGTTTATACCATTAG,35,#333333
23[124],10[123],AATCAAATCCGAGCTCAGG,19,#57bb00
22[92],23[102],TAGCTGAAGCTCATATATTTTAAATGCA,28,#f7931e
16[93],17[102],GCGAGTAACAAGTAAATTTTTGTTAAATC,29,#f7931e
1[40],1[17],CGCACGCATAACCGATATATTCGGTCGCTG,30,#57bb00
0[141],3[128],TGGACTCCAACGTCAACCACTATGGTGGTTCCA,33,#333333
11[51],19[60],CTAATAAATGGTCCATATAACAGT,24,#f7931e
22[141],21[141],GAAAGGCCGCTATCAGGT,18,#333333
7[103],7[89],GTAAACCTGTCGTGCCAGCTGAACGAGCC,29,#57bb00
23[18],5[39],ATGACCCTGTAATACTTTTGCGGGAAGCTAAGTGAATTGAACTAAGCGAC,50,#1700de
19[65],23[64],TCCCATAGATACACATCCAAAATTAAAG,28,#aaaa00
9[51],21[60],GATTTAGCCTCATAGTAGTAGCAT,24,#b8056c
1[94],16[94],GGTTTTGAGGGTCTCCGTGTGA,22,#007200
1[103],1[93],TTGAGGTGAATTTCTTAAACAGCGACGAGATAG,33,#888888
9[110],7[102],CCATTGTTATCCGCTCAAAGT,21,#cc0000
20[141],19[141],CATTGCCTGAAACAGGAA,18,#aaaa00
13[68],9[67],AGCATAGTACATAACGTGGGAAGTGGCT,28,#7300de
13[14],15[13],GCGAGAGCAGTTCAGAAA,18,#7300de
13[110],9[109],CTAGGCTGCGGCGAAACACGACGGGATC,28,#cc0000
1[61],3[43],CTACAATGACAACAACCATCGCCCTTTTGCAAGACTTGG,39,#007200
7[115],21[123],GTGCGTGTGAACGGGTACACCATCATTTTTGAGAGAT,37,#333333
23[44],5[58],AAGCCTTTATTTCAACGCAGCAATAATAAGAACAAAAATCAGC,43,#7300de
1[108],5[107],CCAGATCCCTTAGCGGTCACAGCTGGCG,28,#b8056c
16[141],23[141],TTCGCGTCTGGCCTTCACGCCATAGCAAATGCCCCAAAGAGTCTACAAAGGGAGACAGAGATTCAAAAGGGTGA,74,#333333
14[114],17[109],ACCGATTGACCAGCTTTCATCAACCTCAT,29,#007200
9[68],7[57],CAGAATAAGGCTTGCCCA,18,#f74308
13[73],16[74],GGATTTGCGGATGCTCCTTTTGATAACGCATCAAA,35,#7300de
12[122],14[115],ATTCGTTTGCCCCGAAATCGGCAAATTTGGAACGTA,36,#7300de
1[18],3[17],AGGCTTGCAGTTCCATTAAACGGG,24,#f74308
20[93],21[91],GTAAAACTGACATAAATT,18,#aaaa00
2[101],2[93],AATCAAAAG,9,#03b6a2
11[73],13[88],AAAGTGACCATATTCTGCGAACGAGGTCATTTAGATCGGCCTCA,44,#1700de
23[65],9[88],GATAAAAATTTTTAGAACCGCAAAGAAGTTGCATGCCT,38,#03b6a2
10[122],18[115],GTTTGGTTTGCCAGTGAGACGGGCACACGCTGGCCATTCTTCCGGCTTGT,50,#7300de
13[96],19[102],CGTAAAATTCGCATAGTAAGCATGTCAATCATATG,35,#b8056c
14[122],1[107],GCATCAAGAGTAGGGCGAAAAACCGTCTATCAGTT,35,#333333
